<?xml version="1.0" encoding="UTF-8"?>
<!DOCTYPE suite SYSTEM "http://testng.org/testng-1.0.dtd" >
<suite name="DSL API Automation PREP" parallel="tests" thread-count="2" verbose="1">
    <listeners>
        <listener class-name="ilab.checkers.utilities.TestListener"/>
        <listener class-name="com.epam.reportportal.testng.ReportPortalTestNGListener"/>
    </listeners>
    <test name="DSL PREP Api's">
        <parameter name="spreadsheet_id" value="14BpOuYUapE1QFacAwREb4oAXdIKUzXEu"/>
        <parameter name="excelData" value="Checkers-DSL-API-PREP.xlsx"/>
        <parameter name="brand" value="checkers"/>
        <parameter name="appURL" value="https://api.prep.shopritelabs.co.za"/>
        <parameter name="dslURL" value="https://api.prep.shopritelabs.co.za"/>
        <parameter name="commerceURL" value="https://rewardsapi.prep.shopritelabs.co.za"/>
        <parameter name="foxURL" value="https://foxbapi.pre.shopritelabs.co.za/"/>
        <classes>
            <class name="com.tests.CheckersApiBaseTest"/>
        </classes>
    </test>
</suite>
