<?xml version="1.0" encoding="UTF-8"?>
<!DOCTYPE suite SYSTEM "http://testng.org/testng-1.0.dtd" >
<suite name="DSL API Automation QA" parallel="tests" thread-count="5" verbose="1" data-provider-thread-count = "5">
    <listeners>
        <listener class-name="ilab.checkers.utilities.TestListener"/>
        <listener class-name="ilab.checkers.utilities.ReportPortalCustomListener"/>
        <!--        <listener class-name="com.epam.reportportal.testng.ReportPortalTestNGListener"/>-->
    </listeners>
    <test name="DSL Checkers Api's">
        <parameter name="excelData" value="Checkers-DSL-API-QA.xlsx"/>
        <parameter name="spreadsheet_id" value="18tZXazd3uQJv-BSRbgwbWMfLXOnJMVTK"/>
        <parameter name="brand" value="checkers"/>
        <parameter name="appURL" value="https://api.qa.shopritelabs.co.za"/>
        <parameter name="dslURL" value="https://api.qa.shopritelabs.co.za"/>
        <parameter name="commerceURL" value="https://rewardsapi.qa.shopritelabs.co.za"/>
        <parameter name="foxURL" value="https://rewardsapi.qa.shopritelabs.co.za"/>
        <classes>
            <class name="com.tests.CheckersApiBaseTest"/>
        </classes>
    </test>
    <test name="CIAM Api's">
        <parameter name="excelData" value="CIAM_API_TestCases.xlsx"/>
        <parameter name="spreadsheet_id" value="1MXsMd4rks06Xq9tk7jHKJljrXlIT47fD"/>
        <parameter name="appURL" value="https://api.qa.shopritelabs.co.za"/>
        <classes>
            <class name="com.tests.CheckersApiBaseTest"/>
        </classes>
    </test>
    <test name="Commerce Api's">
        <parameter name="excelData" value="Checkers-Commerce-API-QA.xlsx"/>
        <parameter name="spreadsheet_id" value="1B_rYO5onKcBzFAVVRNM6HmO-4Ho4paSi"/>
        <parameter name="appURL" value="https://rewardsapi.qa.shopritelabs.co.za"/>
        <classes>
            <class name="com.tests.CheckersApiBaseTest"/>
        </classes>
    </test>
    <test name="DSL Shoprite Api's">
        <parameter name="excelData" value="Shoprite-DSL-API-QA.xlsx"/>
        <parameter name="spreadsheet_id" value="1J7i7yZ7EeKRyytkMIKHjQACd44ubfvRD"/>
        <parameter name="dslURL" value="https://api.qa.shopritelabs.co.za"/>
        <parameter name="appURL" value="https://api.qa.shopritelabs.co.za"/>
        <classes>
            <class name="com.tests.CheckersApiBaseTest"/>
        </classes>
    </test>
</suite>
