<?xml version="1.0" encoding="UTF-8"?>
<!DOCTYPE suite SYSTEM "http://testng.org/testng-1.0.dtd" >
<suite name="Commerce PREP API Automation Suite" parallel="tests" thread-count="5" verbose="1">
    <listeners>
        <listener class-name="ilab.checkers.utilities.TestListener"/>
        <listener class-name="com.epam.reportportal.testng.ReportPortalTestNGListener"/>
    </listeners>
    <test name="Commerce Api's">
        <parameter name="excelData" value="Commerce-API-PREP.xlsx"/>
        <parameter name="spreadsheet_id" value="15hOUFbJyvcULFY_kUAIRHIsw3xpWR6jn"/>
        <parameter name="appURL" value="https://rewardsapi.prep.shopritelabs.co.za"/>
        <parameter name="brand" value="checkers"/>
        <classes>
            <class name="com.tests.CheckersApiBaseTest"/>
        </classes>
    </test>
</suite>
