<?xml version="1.0" encoding="UTF-8"?>
<!DOCTYPE suite SYSTEM "http://testng.org/testng-1.0.dtd" >
<suite name="DigitalServiceLayer PREP API Automation Suite" parallel="tests" thread-count="2" verbose="1">
    <listeners>
        <listener class-name="ilab.checkers.utilities.TestListener"/>
<!--        <listener class-name="com.epam.reportportal.testng.ReportPortalTestNGListener"/>-->
    </listeners>
    <test name="CIAM Api's">
        <parameter name="excelData" value="CIAM_API_TestCases.xlsx"/>
        <parameter name="updateQC" value="false"/>
        <parameter name="spreadsheet_id" value="14RNoKxNtbeXUbKc7omwK_Mv39EW5vzf5"/>
        <parameter name="ciamURL" value="https://prep.shopritegroup.co.za"/>
        <parameter name="appURL" value="https://api.prep.shopritelabs.co.za"/>
        <classes>
            <class name="com.tests.CheckersApiBaseTest"/>
        </classes>
    </test>
</suite>
