<?xml version="1.0" encoding="UTF-8"?>
<!DOCTYPE suite SYSTEM "http://testng.org/testng-1.0.dtd" >
<suite name="DigitalServiceLayer QA API Automation Suite" parallel="tests" thread-count="5" verbose="1" data-provider-thread-count = "5">
    <listeners>
        <listener class-name="ilab.checkers.utilities.TestListener"/>
        <listener class-name="ilab.checkers.utilities.ReportPortalCustomListener"/>
    </listeners>
    <test name="CIAM Api's">
        <parameter name="excelData" value="CIAM_API_TestCases.xlsx"/>
        <parameter name="updateQC" value="false"/>
        <parameter name="spreadsheet_id" value="1MXsMd4rks06Xq9tk7jHKJljrXlIT47fD"/>
        <parameter name="ciamURL" value="https://qa.shopritegroup.co.za"/>
        <parameter name="appURL" value="https://api.qa.shopritelabs.co.za"/>
        <classes>
            <class name="com.tests.CheckersApiBaseTest"/>
        </classes>
    </test>
</suite>
