<?xml version="1.0" encoding="UTF-8"?>
<!DOCTYPE suite SYSTEM "http://testng.org/testng-1.0.dtd" >
<suite name="DigitalServiceLayer_QA_API_Automation_Suite" parallel="tests" thread-count="10" verbose="1" data-provider-thread-count = "10">
    <listeners>
        <listener class-name="ilab.checkers.utilities.TestListener"/>
        <listener class-name="org.testng.reporters.JUnitXMLReporter" />
<!--        <listener class-name="ilab.checkers.utilities.ReportPortalCustomListener"/>-->
    </listeners>
    <test name="DigitalServiceLayer Checkers Api's">
        <parameter name="excelData" value="Checkers-DSL-API-QA.xlsx"/>
        <parameter name="spreadsheet_id" value="18tZXazd3uQJv-BSRbgwbWMfLXOnJMVTK"/>
        <parameter name="brand" value="checkers"/>
        <parameter name="updateQC" value="false"/>
        <parameter name="appURL" value="https://api.qa.shopritelabs.co.za"/>
        <parameter name="ciamURL" value="https://qa.shopritegroup.co.za"/>
        <parameter name="dslURL" value="https://api.qa.shopritelabs.co.za"/>
        <parameter name="commerceURL" value="https://rewardsapi.qa.shopritelabs.co.za"/>
        <parameter name="foxURL" value="https://rewardsapi.qa.shopritelabs.co.za"/>
        <classes>
            <class name="com.tests.CheckersApiBaseTest"/>
        </classes>
    </test>
</suite>
