<?xml version="1.0" encoding="UTF-8"?>
<!DOCTYPE suite SYSTEM "http://testng.org/testng-1.0.dtd" >
<suite name="Commerce QA API Automation Suite" parallel="tests" thread-count="5" verbose="1">
    <listeners>
        <listener class-name="ilab.checkers.utilities.TestListener"/>
        <listener class-name="com.epam.reportportal.testng.ReportPortalTestNGListener"/>
    </listeners>
    <test name="Commerce Api's">
        <parameter name="excelData" value="Sprint-Commerce-API-QA.xlsx"/>
        <parameter name="spreadsheet_id" value="1a_ramtG1Ud5p4xt5zhefpLMqog0B5MDr"/>
        <parameter name="brand" value="checkers"/>
        <parameter name="appURL" value="https://rewardsapi.qa.shopritelabs.co.za"/>
        <parameter name="dslURL" value="https://api.qa.shopritelabs.co.za"/>
        <parameter name="commerceURL" value="https://rewardsapi.qa.shopritelabs.co.za"/>
        <parameter name="foxURL" value="https://rewardsapi.qa.shopritelabs.co.za"/>
        <classes>
            <class name="com.tests.CheckersApiBaseTest"/>
        </classes>
    </test>
</suite>