[
  {
    "scenario": "Create User with type USSD",
    "endpoint": "dsl",
    "resource": "/dsl/brands/checkers/countries/za",
    "parameter": "/users/partialuser",
    "expected": "200"
  },
  {
    "scenario": "Create User with type USSD and invalid passport",
    "endpoint": "dsl",
    "resource": "/dsl/brands/checkers/countries/za",
    "parameter": "/users/partialuser",
    "expected": "400"
  },
  {
    "response": "",
    "testcaseid": "5312",
    "executescenario": "Yes",
    "scenario": "Create User with type USSD and no Contact Details",
    "endpoint": "dsl",
    "resource": "/dsl/brands/checkers/countries/za",
    "parameter": "/users/partialuser",
    "username": "",
    "password": "",
    "idtokenreq": "FALSE",
    "accesstokenreq": "FALSE",
    "method": "POST",
    "webservicetype": "REST",
    "format": "JSON",
    "contenttype": "application/json;charset=UTF-8",
    "soapaction": "",
    "payload": "PartialUser.json",
    "updatedata": "TRUE",
    "validation": "TRUE",
    "missingfields": "contactDetails",
    "rfirstname": "GENERATED NAME",
    "rlastname": "GENERATED LASTNAME",
    "rdob": "31/12/1975",
    "rpassport": "GENERATED IDNUMBER",
    "rlcard": "GET CARD CHECKERS",
    "rtype": "ussd",
    "rmobiletype": "Mobile",
    "rmobilevalue": "GENERATED CELL NUMBER",
    "remailtype": "",
    "remailvalue": "",
    "datatoupdate": "rfirstName,rLastname,rDOB,rPassport,rLCard,rType,rMobileType,rMobileValue",
    "datatovalidate": "Please ensure that you have entered the correct payload",
    "expected": "400",
    "validationstatus": "",
    "jsonvalidationresponse": "",
    "validationresults": "",
    "actual": "",
    "status": ""
  },
  {
    "response": "",
    "testcaseid": "5312",
    "executescenario": "Yes",
    "scenario": "Create User with type USSD and no Card Details",
    "endpoint": "dsl",
    "resource": "/dsl/brands/checkers/countries/za",
    "parameter": "/users/partialuser",
    "username": "",
    "password": "",
    "idtokenreq": "FALSE",
    "accesstokenreq": "FALSE",
    "method": "POST",
    "webservicetype": "REST",
    "format": "JSON",
    "contenttype": "application/json;charset=UTF-8",
    "soapaction": "",
    "payload": "PartialUser.json",
    "updatedata": "TRUE",
    "validation": "TRUE",
    "missingfields": "foxCard",
    "rfirstname": "GENERATED NAME",
    "rlastname": "GENERATED LASTNAME",
    "rdob": "31/12/1975",
    "rpassport": "GENERATED IDNUMBER",
    "rlcard": "GET CARD CHECKERS",
    "rtype": "ussd",
    "rmobiletype": "Mobile",
    "rmobilevalue": "GENERATED CELL NUMBER",
    "remailtype": "",
    "remailvalue": "",
    "datatoupdate": "rfirstName,rLastname,rDOB,rPassport,rLCard,rType,rMobileType,rMobileValue",
    "datatovalidate": "Please ensure that you have entered the correct payload",
    "expected": "400",
    "validationstatus": "",
    "jsonvalidationresponse": "",
    "validationresults": "",
    "actual": "",
    "status": ""
  },
  {
    "response": "",
    "testcaseid": "5312",
    "executescenario": "Yes",
    "scenario": "Create User with type USSD and no Identity",
    "endpoint": "dsl",
    "resource": "/dsl/brands/checkers/countries/za",
    "parameter": "/users/partialuser",
    "username": "",
    "password": "",
    "idtokenreq": "FALSE",
    "accesstokenreq": "FALSE",
    "method": "POST",
    "webservicetype": "REST",
    "format": "JSON",
    "contenttype": "application/json;charset=UTF-8",
    "soapaction": "",
    "payload": "PartialUser.json",
    "updatedata": "TRUE",
    "validation": "TRUE",
    "missingfields": "identity",
    "rfirstname": "GENERATED NAME",
    "rlastname": "GENERATED LASTNAME",
    "rdob": "31/12/1975",
    "rpassport": "GENERATED IDNUMBER",
    "rlcard": "GET CARD CHECKERS",
    "rtype": "ussd",
    "rmobiletype": "Mobile",
    "rmobilevalue": "GENERATED CELL NUMBER",
    "remailtype": "",
    "remailvalue": "",
    "datatoupdate": "rfirstName,rLastname,rDOB,rPassport,rLCard,rType,rMobileType,rMobileValue",
    "datatovalidate": "Please ensure that you have entered the correct payload",
    "expected": "400",
    "validationstatus": "",
    "jsonvalidationresponse": "",
    "validationresults": "",
    "actual": "",
    "status": ""
  },
  {
    "response": "",
    "testcaseid": "5312",
    "executescenario": "Yes",
    "scenario": "Create User with type USSD and no User Details",
    "endpoint": "dsl",
    "resource": "/dsl/brands/checkers/countries/za",
    "parameter": "/users/partialuser",
    "username": "",
    "password": "",
    "idtokenreq": "FALSE",
    "accesstokenreq": "FALSE",
    "method": "POST",
    "webservicetype": "REST",
    "format": "JSON",
    "contenttype": "application/json;charset=UTF-8",
    "soapaction": "",
    "payload": "PartialUser.json",
    "updatedata": "TRUE",
    "validation": "TRUE",
    "missingfields": "userDetails",
    "rfirstname": "GENERATED NAME",
    "rlastname": "GENERATED LASTNAME",
    "rdob": "31/12/1975",
    "rpassport": "GENERATED IDNUMBER",
    "rlcard": "GET CARD CHECKERS",
    "rtype": "ussd",
    "rmobiletype": "Mobile",
    "rmobilevalue": "GENERATED CELL NUMBER",
    "remailtype": "",
    "remailvalue": "",
    "datatoupdate": "rfirstName,rLastname,rDOB,rPassport,rLCard,rType,rMobileType,rMobileValue",
    "datatovalidate": "Please ensure that you have entered the correct payload",
    "expected": "400",
    "validationstatus": "",
    "jsonvalidationresponse": "",
    "validationresults": "",
    "actual": "",
    "status": ""
  },
  {
    "response": "",
    "testcaseid": "5312",
    "executescenario": "Yes",
    "scenario": "Create User with type USSD - Shoprite",
    "endpoint": "dsl",
    "resource": "/dsl/brands/shoprite/countries/za",
    "parameter": "/users/partialuser",
    "username": "",
    "password": "",
    "idtokenreq": "FALSE",
    "accesstokenreq": "FALSE",
    "method": "POST",
    "webservicetype": "REST",
    "format": "JSON",
    "contenttype": "application/json;charset=UTF-8",
    "soapaction": "",
    "payload": "PartialUser.json",
    "updatedata": "TRUE",
    "validation": "TRUE",
    "missingfields": "contactDetails[1]",
    "rfirstname": "GENERATED NAME",
    "rlastname": "GENERATED LASTNAME",
    "rdob": "31/12/1975",
    "rpassport": "GENERATED IDNUMBER",
    "rlcard": "GET CARD SHOPRITE",
    "rtype": "ussd",
    "rmobiletype": "Mobile",
    "rmobilevalue": "GENERATED CELL NUMBER",
    "remailtype": "",
    "remailvalue": "",
    "datatoupdate": "rfirstName,rLastname,rDOB,rPassport,rLCard,rType,rMobileType,rMobileValue",
    "datatovalidate": "Your request was successfully processed,User profile created successfully",
    "expected": "200",
    "validationstatus": "",
    "jsonvalidationresponse": "",
    "validationresults": "",
    "actual": "",
    "status": ""
  }
]